{"Y1.jpg5114":{"filename":"Y1.jpg","size":5114,"regions":[{"shape_attributes":{"name":"polygon","all_points_x":[30,39,47,66,78,87,87,79,64,51,34,25,20,25,24],"all_points_y":[83,85,79,75,79,98,119,129,139,138,135,126,113,98,86]},"region_attributes":{}}],"file_attributes":{}},"Y2.jpg12438":{"filename":"Y2.jpg","size":12438,"regions":[{"shape_attributes":{"name":"polygon","all_points_x":[75,71,74,83,92,97,101,96,87],"all_points_y":[85,96,112,115,110,100,88,75,74]},"region_attributes":{}},{"shape_attributes":{"name":"polygon","all_points_x":[72,79,88,88,83,73,59,58,63],"all_points_y":[54,52,56,69,79,86,76,68,56]},"region_attributes":{}}],"file_attributes":{}},"Y3.jpg46696":{"filename":"Y3.jpg","size":46696,"regions":[{"shape_attributes":{"name":"polygon","all_points_x":[159,170,182,187,183,172,160],"all_points_y":[166,175,176,170,155,150,154]},"region_attributes":{}}],"file_attributes":{}},"Y4.jpg6427":{"filename":"Y4.jpg","size":6427,"regions":[{"shape_attributes":{"name":"polygon","all_points_x":[91,83,74,70,60,55,51,52,59,76,78,95,103,103,94],"all_points_y":[107,120,125,127,119,111,98,82,76,70,65,64,78,90,97]},"region_attributes":{}}],"file_attributes":{}},"Y6.jpg86579":{"filename":"Y6.jpg","size":86579,"regions":[{"shape_attributes":{"name":"polygon","all_points_x":[381,358,361,382,397,414,430,430,427,423,414,390],"all_points_y":[663,678,704,731,741,737,717,707,689,669,660,653]},"region_attributes":{}}],"file_attributes":{}},"Y7.jpg26938":{"filename":"Y7.jpg","size":26938,"regions":[{"shape_attributes":{"name":"polygon","all_points_x":[105,121,129,133,127,111,87,72,57,61,67,71,77,98],"all_points_y":[143,150,164,195,202,207,202,200,186,173,160,148,140,139]},"region_attributes":{}}],"file_attributes":{}},"Y8.jpg40930":{"filename":"Y8.jpg","size":40930,"regions":[{"shape_attributes":{"name":"polygon","all_points_x":[172,172,172,182,197,217,226,229,230,227,222,212,207,205,202,197,181,175,173],"all_points_y":[170,173,211,221,225,216,200,181,161,148,161,162,155,147,139,134,143,165,171]},"region_attributes":{}}],"file_attributes":{}},"Y9.jpg49388":{"filename":"Y9.jpg","size":49388,"regions":[{"shape_attributes":{"name":"polygon","all_points_x":[261,269,303,310,342,330,292,273],"all_points_y":[292,309,319,313,295,279,269,274]},"region_attributes":{}}],"file_attributes":{}},"Y10.jpg8531":{"filename":"Y10.jpg","size":8531,"regions":[{"shape_attributes":{"name":"polygon","all_points_x":[193,189,183,192,193,208,219,221,241,258,263,251,231,224,224,211,193],"all_points_y":[169,181,194,207,226,233,227,215,211,195,180,169,158,154,145,145,165]},"region_attributes":{}}],"file_attributes":{}},"Y11.jpg19254":{"filename":"Y11.jpg","size":19254,"regions":[{"shape_attributes":{"name":"polygon","all_points_x":[81,87,78,81,97,115,145,161,161,156,155,155,147,139,121,108,101,91,79,80],"all_points_y":[179,197,205,215,219,225,231,223,208,201,188,173,171,159,159,163,164,159,162,175]},"region_attributes":{}}],"file_attributes":{}},"Y12.jpg29159":{"filename":"Y12.jpg","size":29159,"regions":[{"shape_attributes":{"name":"polygon","all_points_x":[202,199,199,208,211,226,245,243,230,207,201],"all_points_y":[88,95,103,111,119,120,109,98,81,79,85]},"region_attributes":{}}],"file_attributes":{}},"Y13.jpg12655":{"filename":"Y13.jpg","size":12655,"regions":[{"shape_attributes":{"name":"polygon","all_points_x":[119,109,103,102,122,138,167,168,180,185,183,176,161,142,127],"all_points_y":[54,74,84,97,119,123,114,99,83,63,47,35,28,23,26]},"region_attributes":{}}],"file_attributes":{}},"Y14.jpg30267":{"filename":"Y14.jpg","size":30267,"regions":[{"shape_attributes":{"name":"polygon","all_points_x":[75,70,77,81,76,73,92,107,127,131,135,138,132,134,130,118,119,115,107,87],"all_points_y":[104,122,131,135,144,159,183,187,181,170,155,139,129,119,107,107,97,91,89,94]},"region_attributes":{}}],"file_attributes":{}},"Y15.jpg17045":{"filename":"Y15.jpg","size":17045,"regions":[{"shape_attributes":{"name":"polygon","all_points_x":[59,55,57,70,99,127,139,143,141,129,133,136,125,104,102,81,67],"all_points_y":[90,111,133,150,149,152,138,117,105,102,89,73,57,54,49,55,69]},"region_attributes":{}}],"file_attributes":{}},"Y17.jpg30267":{"filename":"Y17.jpg","size":30267,"regions":[{"shape_attributes":{"name":"polygon","all_points_x":[75,80,76,82,89,105,121,131,137,137,137,134,133,123,119,119,114,101,83,77,72],"all_points_y":[129,135,143,159,174,183,185,177,163,149,132,129,114,108,107,99,91,91,95,103,122]},"region_attributes":{}}],"file_attributes":{}},"Y18.JPG20131":{"filename":"Y18.JPG","size":20131,"regions":[{"shape_attributes":{"name":"polygon","all_points_x":[189,183,185,192,214,224,226,225,219,207,197,187],"all_points_y":[185,195,206,215,210,207,197,187,179,177,170,177]},"region_attributes":{}}],"file_attributes":{}},"Y19.JPG20570":{"filename":"Y19.JPG","size":20570,"regions":[{"shape_attributes":{"name":"polygon","all_points_x":[184,189,195,217,230,243,236,225,198,193],"all_points_y":[189,205,215,221,219,197,180,169,164,178]},"region_attributes":{}}],"file_attributes":{}},"Y20.jpg24612":{"filename":"Y20.jpg","size":24612,"regions":[{"shape_attributes":{"name":"polygon","all_points_x":[175,167,171,184,195,211,203,188],"all_points_y":[151,171,181,199,195,170,155,143]},"region_attributes":{}}],"file_attributes":{}},"Y21.jpg7814":{"filename":"Y21.jpg","size":7814,"regions":[{"shape_attributes":{"name":"polygon","all_points_x":[126,128,135,147,163,186,171,165,147,128],"all_points_y":[92,109,128,139,133,129,87,77,75,73]},"region_attributes":{}}],"file_attributes":{}},"Y22.jpg15450":{"filename":"Y22.jpg","size":15450,"regions":[{"shape_attributes":{"name":"polygon","all_points_x":[119,126,89,73,59,59,67,92,113],"all_points_y":[118,79,55,57,78,99,121,133,126]},"region_attributes":{}}],"file_attributes":{}},"Y23.JPG18177":{"filename":"Y23.JPG","size":18177,"regions":[{"shape_attributes":{"name":"polygon","all_points_x":[169,152,153,159,173,197,210,206,197,186],"all_points_y":[149,157,177,197,206,200,182,161,141,134]},"region_attributes":{}}],"file_attributes":{}},"Y24.jpg305140":{"filename":"Y24.jpg","size":305140,"regions":[{"shape_attributes":{"name":"polygon","all_points_x":[535,508,496,496,536,595,661,680,710,723,676,665,643,629,596,547],"all_points_y":[216,239,290,362,410,410,443,510,516,459,285,227,194,144,105,94]},"region_attributes":{}}],"file_attributes":{}},"Y25.jpg31081":{"filename":"Y25.jpg","size":31081,"regions":[{"shape_attributes":{"name":"polygon","all_points_x":[171,156,167,162,167,186,219,217,231,249,246,282,278,294,305,294,342,362,370,365,351,320,312,303,273,258,259,240,241,230,215,201],"all_points_y":[190,212,229,250,278,303,304,290,289,304,313,311,280,269,260,237,248,244,222,188,174,169,151,133,121,138,159,166,190,198,198,178]},"region_attributes":{}}],"file_attributes":{}},"Y26.jpg33156":{"filename":"Y26.jpg","size":33156,"regions":[{"shape_attributes":{"name":"polygon","all_points_x":[325,324,330,340,355,412,505,507,450,418,353],"all_points_y":[88,136,168,223,267,280,224,194,100,83,92]},"region_attributes":{}}],"file_attributes":{}},"Y27.jpg37962":{"filename":"Y27.jpg","size":37962,"regions":[{"shape_attributes":{"name":"polygon","all_points_x":[202,187,189,185,207,237,255,250,251,230,211],"all_points_y":[208,228,247,301,299,304,287,257,232,213,197]},"region_attributes":{}}],"file_attributes":{}},"Y28.jpg40049":{"filename":"Y28.jpg","size":40049,"regions":[{"shape_attributes":{"name":"polygon","all_points_x":[162,151,146,171,197,233,240,221,224,199,183,168],"all_points_y":[303,323,346,383,391,389,374,346,314,303,284,281]},"region_attributes":{}}],"file_attributes":{}},"Y29.jpg25935":{"filename":"Y29.jpg","size":25935,"regions":[{"shape_attributes":{"name":"polygon","all_points_x":[414,401,387,426,449,468,481,484,472,429],"all_points_y":[300,319,362,387,394,382,357,331,298,298]},"region_attributes":{}}],"file_attributes":{}},"Y30.jpg15874":{"filename":"Y30.jpg","size":15874,"regions":[{"shape_attributes":{"name":"polygon","all_points_x":[105,95,95,102,111,126,141,145,148,141,126,115],"all_points_y":[211,221,231,243,249,252,249,237,223,213,201,209]},"region_attributes":{}}],"file_attributes":{}},"Y31.jpg10429":{"filename":"Y31.jpg","size":10429,"regions":[{"shape_attributes":{"name":"polygon","all_points_x":[169,165,169,175,185,198,201,200,185,179],"all_points_y":[126,133,143,149,151,147,136,129,124,126]},"region_attributes":{}},{"shape_attributes":{"name":"polygon","all_points_x":[194,199,204,217,217,212,205],"all_points_y":[111,123,126,127,117,105,106]},"region_attributes":{}}],"file_attributes":{}},"Y32.jpg29786":{"filename":"Y32.jpg","size":29786,"regions":[{"shape_attributes":{"name":"polygon","all_points_x":[203,183,171,159,161,175,199,228,259,269,277,257,223],"all_points_y":[253,261,280,293,342,355,368,358,340,308,275,248,245]},"region_attributes":{}}],"file_attributes":{}},"Y33.jpg87205":{"filename":"Y33.jpg","size":87205,"regions":[{"shape_attributes":{"name":"polygon","all_points_x":[116,131,150,161,163,132,118],"all_points_y":[381,376,376,391,415,429,402]},"region_attributes":{}}],"file_attributes":{}},"Y34.jpg17045":{"filename":"Y34.jpg","size":17045,"regions":[{"shape_attributes":{"name":"polygon","all_points_x":[77,62,55,57,65,83,123,144,135,137,115,98,83],"all_points_y":[66,77,98,121,141,143,146,109,101,75,55,47,59]},"region_attributes":{}}],"file_attributes":{}},"Y35.jpg41003":{"filename":"Y35.jpg","size":41003,"regions":[{"shape_attributes":{"name":"polygon","all_points_x":[192,180,171,170,180,203,231,234,211,203],"all_points_y":[133,151,173,196,219,221,215,164,156,139]},"region_attributes":{}}],"file_attributes":{}},"Y36.JPG16077":{"filename":"Y36.JPG","size":16077,"regions":[{"shape_attributes":{"name":"polygon","all_points_x":[61,63,73,84,98,107,107,104,78],"all_points_y":[33,53,63,70,67,60,46,31,27]},"region_attributes":{}}],"file_attributes":{}},"Y37.jpg8531":{"filename":"Y37.jpg","size":8531,"regions":[{"shape_attributes":{"name":"polygon","all_points_x":[205,191,191,179,188,195,218,223,250,259,245,225,223],"all_points_y":[152,164,175,186,205,227,234,217,203,180,169,157,148]},"region_attributes":{}}],"file_attributes":{}},"Y39.jpg13102":{"filename":"Y39.jpg","size":13102,"regions":[{"shape_attributes":{"name":"polygon","all_points_x":[148,146,149,153,163,179,194,195,182,177,159],"all_points_y":[143,155,171,196,207,205,196,181,143,135,131]},"region_attributes":{}}],"file_attributes":{}},"Y40.JPG23548":{"filename":"Y40.JPG","size":23548,"regions":[{"shape_attributes":{"name":"polygon","all_points_x":[79,69,67,81,97,115,135,139,129,112,101],"all_points_y":[177,190,224,243,251,241,221,208,186,172,165]},"region_attributes":{}}],"file_attributes":{}},"Y41.jpg233141":{"filename":"Y41.jpg","size":233141,"regions":[{"shape_attributes":{"name":"polygon","all_points_x":[349,328,319,343,374,401,415,402,371],"all_points_y":[591,613,654,674,676,655,633,599,589]},"region_attributes":{}},{"shape_attributes":{"name":"polygon","all_points_x":[830,789,751,732,716,759,793,848,900,935,974,993,957,980,995,985,916,861],"all_points_y":[310,306,319,361,426,476,509,536,539,507,463,416,405,358,313,270,261,245]},"region_attributes":{}}],"file_attributes":{}},"Y42.jpg12047":{"filename":"Y42.jpg","size":12047,"regions":[{"shape_attributes":{"name":"polygon","all_points_x":[121,103,103,117,130,154,162,158,154,136],"all_points_y":[87,95,111,123,117,117,110,98,92,86]},"region_attributes":{}}],"file_attributes":{}},"Y44.JPG23597":{"filename":"Y44.JPG","size":23597,"regions":[{"shape_attributes":{"name":"polygon","all_points_x":[67,59,62,71,82,99,101,107,111,99,79],"all_points_y":[214,225,239,256,265,260,247,245,232,209,201]},"region_attributes":{}}],"file_attributes":{}},"Y45.JPG21912":{"filename":"Y45.JPG","size":21912,"regions":[{"shape_attributes":{"name":"polygon","all_points_x":[213,211,200,206,219,235,244,236],"all_points_y":[106,115,122,137,151,137,127,109]},"region_attributes":{}}],"file_attributes":{}},"Y46.jpg56750":{"filename":"Y46.jpg","size":56750,"regions":[{"shape_attributes":{"name":"polygon","all_points_x":[204,184,210,248,295,256,222],"all_points_y":[205,235,279,252,188,178,192]},"region_attributes":{}}],"file_attributes":{}},"Y47.JPG27076":{"filename":"Y47.JPG","size":27076,"regions":[{"shape_attributes":{"name":"polygon","all_points_x":[175,180,183,201,221,261,255,244,229,209,186],"all_points_y":[42,58,71,103,100,89,69,47,33,30,35]},"region_attributes":{}}],"file_attributes":{}},"Y49.JPG20796":{"filename":"Y49.JPG","size":20796,"regions":[{"shape_attributes":{"name":"polygon","all_points_x":[42,47,59,65,74,77,55],"all_points_y":[227,241,250,258,248,237,218]},"region_attributes":{}}],"file_attributes":{}},"Y50.JPG21761":{"filename":"Y50.JPG","size":21761,"regions":[{"shape_attributes":{"name":"polygon","all_points_x":[190,189,198,213,231,237,217,206,193],"all_points_y":[161,183,217,216,201,175,168,155,154]},"region_attributes":{}}],"file_attributes":{}},"Y51.jpg98918":{"filename":"Y51.jpg","size":98918,"regions":[{"shape_attributes":{"name":"polygon","all_points_x":[377,356,344,336,354,386,425,442,431,410],"all_points_y":[420,438,453,488,524,525,509,485,434,408]},"region_attributes":{}}],"file_attributes":{}},"Y52.jpg61240":{"filename":"Y52.jpg","size":61240,"regions":[{"shape_attributes":{"name":"polygon","all_points_x":[385,367,362,365,386,411,420,436,433,413],"all_points_y":[662,669,686,711,734,749,728,712,677,651]},"region_attributes":{}}],"file_attributes":{}},"Y53.jpg5011":{"filename":"Y53.jpg","size":5011,"regions":[{"shape_attributes":{"name":"polygon","all_points_x":[156,152,161,169,174,167,162],"all_points_y":[76,82,87,89,83,76,73]},"region_attributes":{}}],"file_attributes":{}},"Y55.jpg43087":{"filename":"Y55.jpg","size":43087,"regions":[{"shape_attributes":{"name":"polygon","all_points_x":[488,468,445,428,430,477,486,502,521,518,514,507,501],"all_points_y":[243,260,273,295,333,368,350,350,353,319,293,280,248]},"region_attributes":{}}],"file_attributes":{}},"Y56.jpg7633":{"filename":"Y56.jpg","size":7633,"regions":[{"shape_attributes":{"name":"polygon","all_points_x":[159,154,145,137,131,133,140,143],"all_points_y":[183,178,174,176,184,189,199,200]},"region_attributes":{}}],"file_attributes":{}},"Y58.JPG21237":{"filename":"Y58.JPG","size":21237,"regions":[{"shape_attributes":{"name":"polygon","all_points_x":[151,143,130,123,109,101,85,77,63,73,60,70,93,117,132,145,163,169,156],"all_points_y":[101,85,79,62,49,75,105,91,110,131,141,184,221,224,231,180,173,135,103]},"region_attributes":{}}],"file_attributes":{}},"Y59.JPG17890":{"filename":"Y59.JPG","size":17890,"regions":[{"shape_attributes":{"name":"polygon","all_points_x":[123,111,105,108,122,137,157,167,184,173,163,149,131],"all_points_y":[62,67,110,123,138,155,145,134,123,97,78,57,55]},"region_attributes":{}}],"file_attributes":{}},"Y60.jpg7400":{"filename":"Y60.jpg","size":7400,"regions":[{"shape_attributes":{"name":"polygon","all_points_x":[77,70,64,70,75,78,85,93,89,83],"all_points_y":[179,184,193,202,203,200,193,185,178,174]},"region_attributes":{}}],"file_attributes":{}},"Y61.jpg65584":{"filename":"Y61.jpg","size":65584,"regions":[{"shape_attributes":{"name":"polygon","all_points_x":[304,278,265,256,261,263,285,344,355,388,386,373,347,308],"all_points_y":[283,277,258,269,286,322,374,419,417,332,311,289,271,269]},"region_attributes":{}}],"file_attributes":{}},"Y66.JPG19137":{"filename":"Y66.JPG","size":19137,"regions":[{"shape_attributes":{"name":"polygon","all_points_x":[207,213,204,169,162,155,145,149,130,135,139,152,179,199],"all_points_y":[147,97,81,63,79,94,121,131,135,155,173,169,167,164]},"region_attributes":{}}],"file_attributes":{}},"Y67.JPG20222":{"filename":"Y67.JPG","size":20222,"regions":[],"file_attributes":{}},"Y73.jpg56546":{"filename":"Y73.jpg","size":56546,"regions":[{"shape_attributes":{"name":"polygon","all_points_x":[172,157,161,163,175,186,194,200,200,193,178],"all_points_y":[144,156,168,181,189,190,185,171,155,143,139]},"region_attributes":{}},{"shape_attributes":{"name":"polygon","all_points_x":[192,204,213,215,203,196,184,186],"all_points_y":[125,122,132,139,150,150,142,135]},"region_attributes":{}}],"file_attributes":{}},"Y74.jpg43087":{"filename":"Y74.jpg","size":43087,"regions":[{"shape_attributes":{"name":"polygon","all_points_x":[486,444,428,431,445,469,517,529,511,505],"all_points_y":[247,271,321,343,376,380,353,307,268,236]},"region_attributes":{}}],"file_attributes":{}},"Y75.JPG23230":{"filename":"Y75.JPG","size":23230,"regions":[{"shape_attributes":{"name":"polygon","all_points_x":[133,125,124,126,135,145,145,149,145],"all_points_y":[179,185,195,211,219,219,206,195,183]},"region_attributes":{}}],"file_attributes":{}},"Y77.jpg12927":{"filename":"Y77.jpg","size":12927,"regions":[{"shape_attributes":{"name":"polygon","all_points_x":[121,111,128,157,181,205,223,205,197,182,162],"all_points_y":[92,143,157,175,167,157,136,108,86,79,87]},"region_attributes":{}}],"file_attributes":{}},"Y78.jpg7765":{"filename":"Y78.jpg","size":7765,"regions":[{"shape_attributes":{"name":"polygon","all_points_x":[52,50,53,58,63,62,56],"all_points_y":[161,165,172,175,174,167,161]},"region_attributes":{}},{"shape_attributes":{"name":"polygon","all_points_x":[88,87,91,98,101,100,91],"all_points_y":[70,78,82,82,76,67,63]},"region_attributes":{}},{"shape_attributes":{"name":"polygon","all_points_x":[72,57,58,61,74,92,94,88],"all_points_y":[64,59,51,42,36,36,44,57]},"region_attributes":{}},{"shape_attributes":{"name":"polygon","all_points_x":[68,68,76,88,87,82,78,75,76,68,65,62,63],"all_points_y":[145,150,153,153,150,146,143,143,137,135,136,142,146]},"region_attributes":{}}],"file_attributes":{}},"Y79.jpg20915":{"filename":"Y79.jpg","size":20915,"regions":[{"shape_attributes":{"name":"polygon","all_points_x":[337,329,309,319,323,342,355,375,385,385,377,358,345],"all_points_y":[222,229,241,253,267,275,285,278,257,237,223,217,216]},"region_attributes":{}}],"file_attributes":{}},"Y81.jpg6595":{"filename":"Y81.jpg","size":6595,"regions":[{"shape_attributes":{"name":"polygon","all_points_x":[103,99,94,94,85,93,111,140,141,171,167,161,153,159,155,139,125,111],"all_points_y":[36,51,57,73,71,93,99,116,101,94,81,65,67,51,43,33,29,27]},"region_attributes":{}}],"file_attributes":{}},"Y82.jpg5021":{"filename":"Y82.jpg","size":5021,"regions":[{"shape_attributes":{"name":"polygon","all_points_x":[147,157,166,174,170,166,153,143,132,131,124,119,123,125,119,125,132],"all_points_y":[39,58,63,75,95,101,104,114,114,106,100,88,77,65,69,39,33]},"region_attributes":{}}],"file_attributes":{}},"Y85.JPG19921":{"filename":"Y85.JPG","size":19921,"regions":[{"shape_attributes":{"name":"polygon","all_points_x":[85,84,89,101,109,122,123,121,113,95,88],"all_points_y":[50,59,67,74,70,61,46,37,33,35,42]},"region_attributes":{}}],"file_attributes":{}},"Y86.JPG21524":{"filename":"Y86.JPG","size":21524,"regions":[{"shape_attributes":{"name":"polygon","all_points_x":[169,155,142,140,151,161,170,186,200,209,209,209,193,183],"all_points_y":[56,65,96,117,125,126,141,139,129,109,85,67,56,47]},"region_attributes":{}}],"file_attributes":{}},"Y89.JPG18490":{"filename":"Y89.JPG","size":18490,"regions":[{"shape_attributes":{"name":"polygon","all_points_x":[157,147,143,147,157,168,184,189,202,204,196,194,163],"all_points_y":[108,119,130,144,161,166,165,156,145,127,117,108,103]},"region_attributes":{}}],"file_attributes":{}},"Y90.jpg91195":{"filename":"Y90.jpg","size":91195,"regions":[{"shape_attributes":{"name":"polygon","all_points_x":[359,346,333,327,337,341,358,375,392,397,386,369],"all_points_y":[309,312,318,336,343,361,371,365,357,337,313,303]},"region_attributes":{}}],"file_attributes":{}},"Y91.jpg170564":{"filename":"Y91.jpg","size":170564,"regions":[{"shape_attributes":{"name":"polygon","all_points_x":[679,652,705,792,826,916,936,925,897,860,795,723],"all_points_y":[381,432,685,712,700,685,625,552,459,401,411,383]},"region_attributes":{}}],"file_attributes":{}},"Y92.jpg5191":{"filename":"Y92.jpg","size":5191,"regions":[{"shape_attributes":{"name":"polygon","all_points_x":[52,51,49,55,61,56,65,85,89,101,101,100,99,81,65],"all_points_y":[39,49,56,66,69,79,90,99,89,78,58,44,27,24,29]},"region_attributes":{}}],"file_attributes":{}},"Y92.png35637":{"filename":"Y92.png","size":35637,"regions":[{"shape_attributes":{"name":"polygon","all_points_x":[177,171,167,175,181,191,205,208,206,191],"all_points_y":[145,161,173,189,198,195,190,176,151,146]},"region_attributes":{}}],"file_attributes":{}},"Y95.jpg5469":{"filename":"Y95.jpg","size":5469,"regions":[{"shape_attributes":{"name":"polygon","all_points_x":[99,80,77,77,82,89,107,113,120,126,137,133,115],"all_points_y":[123,127,139,154,160,165,161,155,153,158,156,132,122]},"region_attributes":{}}],"file_attributes":{}},"Y96.jpg81911":{"filename":"Y96.jpg","size":81911,"regions":[{"shape_attributes":{"name":"polygon","all_points_x":[394,404,430,443,437,461,516,579,599,592,549,480,421],"all_points_y":[605,636,664,707,748,772,760,720,678,610,565,544,550]},"region_attributes":{}}],"file_attributes":{}},"Y97.JPG21443":{"filename":"Y97.JPG","size":21443,"regions":[{"shape_attributes":{"name":"polygon","all_points_x":[167,167,173,167,185,219,250,252,230,175],"all_points_y":[148,181,200,207,224,195,183,159,135,140]},"region_attributes":{}}],"file_attributes":{}},"Y98.JPG19835":{"filename":"Y98.JPG","size":19835,"regions":[{"shape_attributes":{"name":"polygon","all_points_x":[94,71,62,63,71,81,103,126,143,153,142,119],"all_points_y":[71,79,99,124,147,160,155,138,144,114,98,75]},"region_attributes":{}}],"file_attributes":{}},"Y99.JPG25080":{"filename":"Y99.JPG","size":25080,"regions":[{"shape_attributes":{"name":"polygon","all_points_x":[213,199,191,195,203,230,253,258,245,233],"all_points_y":[178,189,204,233,254,258,253,201,181,177]},"region_attributes":{}}],"file_attributes":{}},"Y100.JPG20782":{"filename":"Y100.JPG","size":20782,"regions":[{"shape_attributes":{"name":"polygon","all_points_x":[196,185,179,179,181,200,237,239,240,207],"all_points_y":[232,237,257,277,301,313,291,265,247,237]},"region_attributes":{}}],"file_attributes":{}},"Y101.jpg55036":{"filename":"Y101.jpg","size":55036,"regions":[{"shape_attributes":{"name":"polygon","all_points_x":[97,99,106,109,115,127,141,141,141,145,146,133,125,115,105],"all_points_y":[109,123,135,147,159,164,169,154,133,123,107,102,103,99,98]},"region_attributes":{}}],"file_attributes":{}},"Y102.jpg46412":{"filename":"Y102.jpg","size":46412,"regions":[{"shape_attributes":{"name":"polygon","all_points_x":[437,387,363,364,381,399,400,411,436,464,521,516,460,418,416],"all_points_y":[395,400,419,453,436,445,480,509,513,498,389,374,365,358,374]},"region_attributes":{}},{"shape_attributes":{"name":"polygon","all_points_x":[414,358,336,314,330,333,337,384,415,424,427,427],"all_points_y":[524,522,541,556,584,604,615,622,622,604,571,539]},"region_attributes":{}}],"file_attributes":{}},"Y103.jpg131246":{"filename":"Y103.jpg","size":131246,"regions":[{"shape_attributes":{"name":"polygon","all_points_x":[640,608,564,545,540,554,572,619,676,711,737,722,713,670],"all_points_y":[382,397,425,481,530,594,643,674,693,695,580,459,391,377]},"region_attributes":{}}],"file_attributes":{}},"Y104.jpg98251":{"filename":"Y104.jpg","size":98251,"regions":[{"shape_attributes":{"name":"polygon","all_points_x":[458,366,363,330,311,321,349,424,521,532,523,583,636,611,590,539,486],"all_points_y":[310,427,475,513,569,618,642,660,625,600,533,500,421,365,297,267,284]},"region_attributes":{}}],"file_attributes":{}},"Y105.jpg7197":{"filename":"Y105.jpg","size":7197,"regions":[{"shape_attributes":{"name":"polygon","all_points_x":[102,98,90,89,103,128,144,158,157,149,128],"all_points_y":[35,56,89,103,109,120,128,103,80,56,36]},"region_attributes":{}}],"file_attributes":{}},"Y106.jpg6155":{"filename":"Y106.jpg","size":6155,"regions":[{"shape_attributes":{"name":"polygon","all_points_x":[21,35,77,86,123,121,105,89,64,39,45,21,13],"all_points_y":[137,154,140,131,95,79,37,22,13,27,48,85,107]},"region_attributes":{}}],"file_attributes":{}},"Y108.jpg113843":{"filename":"Y108.jpg","size":113843,"regions":[{"shape_attributes":{"name":"polygon","all_points_x":[637,596,616,649,769,814,850,871,878,859,838,750,690,639],"all_points_y":[617,674,875,920,952,940,867,777,686,574,533,521,531,602]},"region_attributes":{}}],"file_attributes":{}},"Y109.JPG23211":{"filename":"Y109.JPG","size":23211,"regions":[{"shape_attributes":{"name":"polygon","all_points_x":[63,57,60,57,67,90,95,106,126,125,113,111,116,97,81],"all_points_y":[167,181,197,215,237,249,244,229,232,214,182,169,151,149,151]},"region_attributes":{}}],"file_attributes":{}},"Y111.JPG25806":{"filename":"Y111.JPG","size":25806,"regions":[{"shape_attributes":{"name":"polygon","all_points_x":[177,181,193,205,207,199,185],"all_points_y":[217,230,235,226,211,201,203]},"region_attributes":{}}],"file_attributes":{}},"Y112.JPG24914":{"filename":"Y112.JPG","size":24914,"regions":[{"shape_attributes":{"name":"polygon","all_points_x":[187,179,186,204,231,241,250,251,234,224,203],"all_points_y":[111,128,138,153,154,143,135,121,109,97,106]},"region_attributes":{}}],"file_attributes":{}},"Y113.JPG19808":{"filename":"Y113.JPG","size":19808,"regions":[{"shape_attributes":{"name":"polygon","all_points_x":[118,117,123,137,149,169,181,195,200,187,165,136,119],"all_points_y":[95,120,148,155,170,175,155,137,117,89,57,60,77]},"region_attributes":{}}],"file_attributes":{}},"Y114.JPG14170":{"filename":"Y114.JPG","size":14170,"regions":[{"shape_attributes":{"name":"polygon","all_points_x":[79,71,76,87,97,101,101,95,85],"all_points_y":[134,143,149,156,155,147,140,131,129]},"region_attributes":{}}],"file_attributes":{}},"Y115.JPG21744":{"filename":"Y115.JPG","size":21744,"regions":[{"shape_attributes":{"name":"polygon","all_points_x":[146,145,173,187,201,207,211,210,191,167,151],"all_points_y":[53,64,95,117,141,127,112,89,63,43,44]},"region_attributes":{}}],"file_attributes":{}},"Y116.JPG19881":{"filename":"Y116.JPG","size":19881,"regions":[{"shape_attributes":{"name":"polygon","all_points_x":[58,76,97,102,113,117,108,65,73,65],"all_points_y":[140,127,129,144,153,178,191,192,177,155]},"region_attributes":{}},{"shape_attributes":{"name":"polygon","all_points_x":[29,17,27,55,69,70,64,57,35],"all_points_y":[161,175,198,203,197,177,159,145,143]},"region_attributes":{}}],"file_attributes":{}},"Y117.JPG21727":{"filename":"Y117.JPG","size":21727,"regions":[{"shape_attributes":{"name":"polygon","all_points_x":[112,115,124,127,127,121],"all_points_y":[131,149,151,145,133,126]},"region_attributes":{}}],"file_attributes":{}},"Y120.JPG15723":{"filename":"Y120.JPG","size":15723,"regions":[{"shape_attributes":{"name":"polygon","all_points_x":[71,63,60,76,111,143,149,142,119,87],"all_points_y":[83,105,129,155,171,153,127,92,72,66]},"region_attributes":{}}],"file_attributes":{}},"Y146.JPG24840":{"filename":"Y146.JPG","size":24840,"regions":[{"shape_attributes":{"name":"polygon","all_points_x":[187,165,162,183,207,239,255,252,229],"all_points_y":[114,141,165,156,153,159,139,119,97]},"region_attributes":{}}],"file_attributes":{}},"Y147.JPG28150":{"filename":"Y147.JPG","size":28150,"regions":[{"shape_attributes":{"name":"polygon","all_points_x":[63,61,93,107,108,104,83,69,59],"all_points_y":[94,147,155,135,108,75,67,60,73]},"region_attributes":{}}],"file_attributes":{}},"Y148.JPG24930":{"filename":"Y148.JPG","size":24930,"regions":[{"shape_attributes":{"name":"polygon","all_points_x":[141,133,141,158,183,189,200,189,179,161,145],"all_points_y":[125,139,155,169,185,171,147,130,111,109,113]},"region_attributes":{}}],"file_attributes":{}},"Y153.jpg31056":{"filename":"Y153.jpg","size":31056,"regions":[{"shape_attributes":{"name":"polygon","all_points_x":[149,138,131,143,163,197,215,229,223,231,221,203,184,154],"all_points_y":[75,100,143,163,163,175,169,153,130,115,89,67,49,57]},"region_attributes":{}}],"file_attributes":{}},"Y154.jpg20915":{"filename":"Y154.jpg","size":20915,"regions":[{"shape_attributes":{"name":"polygon","all_points_x":[338,329,319,315,323,323,338,353,385,385,349],"all_points_y":[221,231,235,246,251,265,274,283,247,230,217]},"region_attributes":{}}],"file_attributes":{}},"Y155.JPG26288":{"filename":"Y155.JPG","size":26288,"regions":[{"shape_attributes":{"name":"polygon","all_points_x":[240,221,219,217,247,249,264,271,267,263,259],"all_points_y":[149,160,171,193,217,205,203,192,170,149,133]},"region_attributes":{}}],"file_attributes":{}},"Y156.JPG33093":{"filename":"Y156.JPG","size":33093,"regions":[{"shape_attributes":{"name":"polygon","all_points_x":[105,95,101,109,112,133,129,122],"all_points_y":[261,275,290,295,285,267,258,248]},"region_attributes":{}}],"file_attributes":{}},"Y157.JPG17170":{"filename":"Y157.JPG","size":17170,"regions":[{"shape_attributes":{"name":"polygon","all_points_x":[157,152,161,166,184,198,203,203,183,171],"all_points_y":[167,182,194,215,215,212,182,159,153,155]},"region_attributes":{}}],"file_attributes":{}},"Y158.JPG21172":{"filename":"Y158.JPG","size":21172,"regions":[{"shape_attributes":{"name":"polygon","all_points_x":[133,124,126,145,172,187,187,177,163,141],"all_points_y":[56,75,93,103,107,94,72,49,34,38]},"region_attributes":{}}],"file_attributes":{}},"Y159.JPG22534":{"filename":"Y159.JPG","size":22534,"regions":[{"shape_attributes":{"name":"polygon","all_points_x":[195,186,188,201,217,243,253,253,243,239,230,208],"all_points_y":[94,114,131,147,156,154,139,126,101,89,83,87]},"region_attributes":{}}],"file_attributes":{}},"Y160.JPG21409":{"filename":"Y160.JPG","size":21409,"regions":[{"shape_attributes":{"name":"polygon","all_points_x":[183,179,181,193,205,231,253,243,241,229,211,204,189],"all_points_y":[157,171,187,217,216,204,195,149,143,143,157,163,152]},"region_attributes":{}}],"file_attributes":{}},"Y161.JPG24113":{"filename":"Y161.JPG","size":24113,"regions":[{"shape_attributes":{"name":"polygon","all_points_x":[189,187,195,208,224,227,221,195],"all_points_y":[208,224,239,241,233,215,195,204]},"region_attributes":{}}],"file_attributes":{}},"Y162.jpg113843":{"filename":"Y162.jpg","size":113843,"regions":[{"shape_attributes":{"name":"polygon","all_points_x":[674,621,588,600,637,713,783,829,867,869,841,738],"all_points_y":[542,625,701,841,900,933,943,912,806,583,543,533]},"region_attributes":{}}],"file_attributes":{}},"Y164.JPG17907":{"filename":"Y164.JPG","size":17907,"regions":[{"shape_attributes":{"name":"polygon","all_points_x":[102,101,101,113,137,170,182,185,171,147,131,103],"all_points_y":[51,69,88,102,102,99,85,56,33,30,28,35]},"region_attributes":{}}],"file_attributes":{}},"Y165.JPG17230":{"filename":"Y165.JPG","size":17230,"regions":[{"shape_attributes":{"name":"polygon","all_points_x":[29,39,48,53,53,63,69,62,49,41,32],"all_points_y":[195,211,227,230,224,219,209,192,188,193,192]},"region_attributes":{}}],"file_attributes":{}},"Y166.JPG20359":{"filename":"Y166.JPG","size":20359,"regions":[{"shape_attributes":{"name":"polygon","all_points_x":[67,77,86,98,104,97,99],"all_points_y":[41,51,59,53,47,34,25]},"region_attributes":{}}],"file_attributes":{}},"Y167.JPG36912":{"filename":"Y167.JPG","size":36912,"regions":[{"shape_attributes":{"name":"polygon","all_points_x":[118,123,138,152,159,179,188,177,143,123,111,84,69,70,91,116,127],"all_points_y":[57,71,91,83,64,75,97,117,157,159,144,121,90,59,39,30,37]},"region_attributes":{}}],"file_attributes":{}}}